<?xml version="1.0" encoding="UTF-8"?>
<project-private xmlns="http://www.netbeans.org/ns/project-private/1">
    <editor-bookmarks xmlns="http://www.netbeans.org/ns/editor-bookmarks/2" lastBookmarkId="0"/>
    <open-files xmlns="http://www.netbeans.org/ns/projectui-open-files/2">
        <group>
            <file>file:/C:/Users/samiu/OneDrive/Desktop/YEAR%203/460/LAB_2%20elias/main.X/main.X/main.c</file>
            <file>file:/C:/Users/samiu/OneDrive/Desktop/YEAR%203/460/LAB_2%20elias/main.X/main.X/IOs.c</file>
            <file>file:/C:/Users/samiu/OneDrive/Desktop/YEAR%203/460/LAB_2%20elias/main.X/main.X/TimeDelay.c</file>
            <file>file:/C:/Users/samiu/OneDrive/Desktop/YEAR%203/460/LAB_2%20elias/main.X/main.X/TimeDelay.h</file>
            <file>file:/C:/Users/samiu/OneDrive/Desktop/YEAR%203/460/LAB_2%20elias/main.X/main.X/IOs.h</file>
        </group>
    </open-files>
</project-private>
