<?xml version="1.0" encoding="UTF-8"?>
<project-private xmlns="http://www.netbeans.org/ns/project-private/1">
    <editor-bookmarks xmlns="http://www.netbeans.org/ns/editor-bookmarks/2" lastBookmarkId="0"/>
    <open-files xmlns="http://www.netbeans.org/ns/projectui-open-files/2">
        <group>
            <file>file:/Users/eliaspw/Documents/School/3rd%20year/460/main.X/clkChange.h</file>
            <file>file:/Users/eliaspw/Documents/School/3rd%20year/460/main.X/TimeDelay.c</file>
            <file>file:/Users/eliaspw/Documents/School/3rd%20year/460/main.X/clkChange.c</file>
            <file>file:/Users/eliaspw/Documents/School/3rd%20year/460/main.X/main.c</file>
            <file>file:/Users/eliaspw/Documents/School/3rd%20year/460/main.X/IOs.c</file>
            <file>file:/Users/eliaspw/Documents/School/3rd%20year/460/main.X/IOs.h</file>
            <file>file:/Users/eliaspw/Documents/School/3rd%20year/460/main.X/TimeDelay.h</file>
        </group>
    </open-files>
</project-private>
